N,J,K,seed,transient_time,converged,window_size,threshold
100,0.2,-0.5,0,100,True,50,0.01
100,0.2,-0.5,1,50,True,50,0.01
100,0.2,-0.5,10,103,True,50,0.01
100,0.2,-0.5,11,61,True,50,0.01
100,0.2,-0.5,12,128,True,50,0.01
100,0.2,-0.5,13,89,True,50,0.01
100,0.2,-0.5,14,64,True,50,0.01
100,0.2,-0.5,15,91,True,50,0.01
100,0.2,-0.5,16,50,True,50,0.01
100,0.2,-0.5,17,62,True,50,0.01
100,0.2,-0.5,18,54,True,50,0.01
100,0.2,-0.5,19,69,True,50,0.01
100,0.2,-0.5,2,116,True,50,0.01
100,0.2,-0.5,20,73,True,50,0.01
100,0.2,-0.5,21,75,True,50,0.01
100,0.2,-0.5,22,88,True,50,0.01
100,0.2,-0.5,23,106,True,50,0.01
100,0.2,-0.5,24,94,True,50,0.01
100,0.2,-0.5,25,78,True,50,0.01
100,0.2,-0.5,26,103,True,50,0.01
100,0.2,-0.5,27,88,True,50,0.01
100,0.2,-0.5,28,60,True,50,0.01
100,0.2,-0.5,29,80,True,50,0.01
100,0.2,-0.5,3,85,True,50,0.01
100,0.2,-0.5,4,94,True,50,0.01
100,0.2,-0.5,5,80,True,50,0.01
100,0.2,-0.5,6,83,True,50,0.01
100,0.2,-0.5,7,82,True,50,0.01
100,0.2,-0.5,8,90,True,50,0.01
100,0.2,-0.5,9,72,True,50,0.01
110,0.2,-0.5,0,60,True,50,0.01
110,0.2,-0.5,1,68,True,50,0.01
110,0.2,-0.5,10,118,True,50,0.01
110,0.2,-0.5,11,76,True,50,0.01
110,0.2,-0.5,12,90,True,50,0.01
110,0.2,-0.5,13,64,True,50,0.01
110,0.2,-0.5,14,116,True,50,0.01
110,0.2,-0.5,15,54,True,50,0.01
110,0.2,-0.5,16,50,True,50,0.01
110,0.2,-0.5,17,84,True,50,0.01
110,0.2,-0.5,18,62,True,50,0.01
110,0.2,-0.5,19,85,True,50,0.01
110,0.2,-0.5,2,69,True,50,0.01
110,0.2,-0.5,20,62,True,50,0.01
110,0.2,-0.5,21,66,True,50,0.01
110,0.2,-0.5,22,73,True,50,0.01
110,0.2,-0.5,23,100,True,50,0.01
110,0.2,-0.5,24,67,True,50,0.01
110,0.2,-0.5,25,61,True,50,0.01
110,0.2,-0.5,26,97,True,50,0.01
110,0.2,-0.5,27,75,True,50,0.01
110,0.2,-0.5,28,58,True,50,0.01
110,0.2,-0.5,29,56,True,50,0.01
110,0.2,-0.5,3,105,True,50,0.01
110,0.2,-0.5,4,108,True,50,0.01
110,0.2,-0.5,5,87,True,50,0.01
110,0.2,-0.5,6,70,True,50,0.01
110,0.2,-0.5,7,64,True,50,0.01
110,0.2,-0.5,8,89,True,50,0.01
110,0.2,-0.5,9,110,True,50,0.01
120,0.2,-0.5,0,50,True,50,0.01
120,0.2,-0.5,1,53,True,50,0.01
120,0.2,-0.5,10,59,True,50,0.01
120,0.2,-0.5,11,53,True,50,0.01
120,0.2,-0.5,12,78,True,50,0.01
120,0.2,-0.5,13,106,True,50,0.01
120,0.2,-0.5,14,86,True,50,0.01
120,0.2,-0.5,15,71,True,50,0.01
120,0.2,-0.5,16,111,True,50,0.01
120,0.2,-0.5,17,77,True,50,0.01
120,0.2,-0.5,18,97,True,50,0.01
120,0.2,-0.5,19,66,True,50,0.01
120,0.2,-0.5,2,97,True,50,0.01
120,0.2,-0.5,20,63,True,50,0.01
120,0.2,-0.5,21,118,True,50,0.01
120,0.2,-0.5,22,92,True,50,0.01
120,0.2,-0.5,23,51,True,50,0.01
120,0.2,-0.5,24,100,True,50,0.01
120,0.2,-0.5,25,64,True,50,0.01
120,0.2,-0.5,26,85,True,50,0.01
120,0.2,-0.5,27,59,True,50,0.01
120,0.2,-0.5,28,73,True,50,0.01
120,0.2,-0.5,29,73,True,50,0.01
120,0.2,-0.5,3,96,True,50,0.01
120,0.2,-0.5,4,106,True,50,0.01
120,0.2,-0.5,5,95,True,50,0.01
120,0.2,-0.5,6,101,True,50,0.01
120,0.2,-0.5,7,101,True,50,0.01
120,0.2,-0.5,8,63,True,50,0.01
120,0.2,-0.5,9,65,True,50,0.01
130,0.2,-0.5,0,52,True,50,0.01
130,0.2,-0.5,1,93,True,50,0.01
130,0.2,-0.5,10,59,True,50,0.01
130,0.2,-0.5,11,85,True,50,0.01
130,0.2,-0.5,12,65,True,50,0.01
130,0.2,-0.5,13,97,True,50,0.01
130,0.2,-0.5,14,72,True,50,0.01
130,0.2,-0.5,15,103,True,50,0.01
130,0.2,-0.5,16,59,True,50,0.01
130,0.2,-0.5,17,60,True,50,0.01
130,0.2,-0.5,18,54,True,50,0.01
130,0.2,-0.5,19,58,True,50,0.01
130,0.2,-0.5,2,77,True,50,0.01
130,0.2,-0.5,20,66,True,50,0.01
130,0.2,-0.5,21,78,True,50,0.01
130,0.2,-0.5,22,70,True,50,0.01
130,0.2,-0.5,23,75,True,50,0.01
130,0.2,-0.5,24,85,True,50,0.01
130,0.2,-0.5,25,79,True,50,0.01
130,0.2,-0.5,26,64,True,50,0.01
130,0.2,-0.5,27,96,True,50,0.01
130,0.2,-0.5,28,96,True,50,0.01
130,0.2,-0.5,29,74,True,50,0.01
130,0.2,-0.5,3,101,True,50,0.01
130,0.2,-0.5,4,64,True,50,0.01
130,0.2,-0.5,5,59,True,50,0.01
130,0.2,-0.5,6,74,True,50,0.01
130,0.2,-0.5,7,91,True,50,0.01
130,0.2,-0.5,8,56,True,50,0.01
130,0.2,-0.5,9,77,True,50,0.01
140,0.2,-0.5,0,65,True,50,0.01
140,0.2,-0.5,1,90,True,50,0.01
140,0.2,-0.5,10,90,True,50,0.01
140,0.2,-0.5,11,53,True,50,0.01
140,0.2,-0.5,12,98,True,50,0.01
140,0.2,-0.5,13,87,True,50,0.01
140,0.2,-0.5,14,72,True,50,0.01
140,0.2,-0.5,15,85,True,50,0.01
140,0.2,-0.5,16,77,True,50,0.01
140,0.2,-0.5,17,60,True,50,0.01
140,0.2,-0.5,18,97,True,50,0.01
140,0.2,-0.5,19,88,True,50,0.01
140,0.2,-0.5,2,63,True,50,0.01
140,0.2,-0.5,20,81,True,50,0.01
140,0.2,-0.5,21,92,True,50,0.01
140,0.2,-0.5,22,55,True,50,0.01
140,0.2,-0.5,23,105,True,50,0.01
140,0.2,-0.5,24,70,True,50,0.01
140,0.2,-0.5,25,55,True,50,0.01
140,0.2,-0.5,26,92,True,50,0.01
140,0.2,-0.5,27,63,True,50,0.01
140,0.2,-0.5,28,86,True,50,0.01
140,0.2,-0.5,29,83,True,50,0.01
140,0.2,-0.5,3,73,True,50,0.01
140,0.2,-0.5,4,58,True,50,0.01
140,0.2,-0.5,5,87,True,50,0.01
140,0.2,-0.5,6,55,True,50,0.01
140,0.2,-0.5,7,91,True,50,0.01
140,0.2,-0.5,8,71,True,50,0.01
140,0.2,-0.5,9,79,True,50,0.01
150,0.2,-0.5,0,74,True,50,0.01
150,0.2,-0.5,1,103,True,50,0.01
150,0.2,-0.5,10,56,True,50,0.01
150,0.2,-0.5,11,100,True,50,0.01
150,0.2,-0.5,12,91,True,50,0.01
150,0.2,-0.5,13,76,True,50,0.01
150,0.2,-0.5,14,62,True,50,0.01
150,0.2,-0.5,15,83,True,50,0.01
150,0.2,-0.5,16,101,True,50,0.01
150,0.2,-0.5,17,69,True,50,0.01
150,0.2,-0.5,18,89,True,50,0.01
150,0.2,-0.5,19,76,True,50,0.01
150,0.2,-0.5,2,67,True,50,0.01
150,0.2,-0.5,20,67,True,50,0.01
150,0.2,-0.5,21,71,True,50,0.01
150,0.2,-0.5,22,55,True,50,0.01
150,0.2,-0.5,23,50,True,50,0.01
150,0.2,-0.5,24,95,True,50,0.01
150,0.2,-0.5,25,103,True,50,0.01
150,0.2,-0.5,26,60,True,50,0.01
150,0.2,-0.5,27,85,True,50,0.01
150,0.2,-0.5,28,62,True,50,0.01
150,0.2,-0.5,29,66,True,50,0.01
150,0.2,-0.5,3,52,True,50,0.01
150,0.2,-0.5,4,73,True,50,0.01
150,0.2,-0.5,5,70,True,50,0.01
150,0.2,-0.5,6,54,True,50,0.01
150,0.2,-0.5,7,50,True,50,0.01
150,0.2,-0.5,8,98,True,50,0.01
150,0.2,-0.5,9,98,True,50,0.01
160,0.2,-0.5,0,57,True,50,0.01
160,0.2,-0.5,1,62,True,50,0.01
160,0.2,-0.5,10,67,True,50,0.01
160,0.2,-0.5,11,81,True,50,0.01
160,0.2,-0.5,12,72,True,50,0.01
160,0.2,-0.5,13,88,True,50,0.01
160,0.2,-0.5,14,62,True,50,0.01
160,0.2,-0.5,15,54,True,50,0.01
160,0.2,-0.5,16,78,True,50,0.01
160,0.2,-0.5,17,58,True,50,0.01
160,0.2,-0.5,18,56,True,50,0.01
160,0.2,-0.5,19,78,True,50,0.01
160,0.2,-0.5,2,63,True,50,0.01
160,0.2,-0.5,20,66,True,50,0.01
160,0.2,-0.5,21,82,True,50,0.01
160,0.2,-0.5,22,59,True,50,0.01
160,0.2,-0.5,23,83,True,50,0.01
160,0.2,-0.5,24,74,True,50,0.01
160,0.2,-0.5,25,122,True,50,0.01
160,0.2,-0.5,26,66,True,50,0.01
160,0.2,-0.5,27,63,True,50,0.01
160,0.2,-0.5,28,93,True,50,0.01
160,0.2,-0.5,29,66,True,50,0.01
160,0.2,-0.5,3,54,True,50,0.01
160,0.2,-0.5,4,79,True,50,0.01
160,0.2,-0.5,5,56,True,50,0.01
160,0.2,-0.5,6,73,True,50,0.01
160,0.2,-0.5,7,71,True,50,0.01
160,0.2,-0.5,8,75,True,50,0.01
160,0.2,-0.5,9,75,True,50,0.01
170,0.2,-0.5,0,75,True,50,0.01
170,0.2,-0.5,1,63,True,50,0.01
170,0.2,-0.5,10,57,True,50,0.01
170,0.2,-0.5,11,51,True,50,0.01
170,0.2,-0.5,12,80,True,50,0.01
170,0.2,-0.5,13,91,True,50,0.01
170,0.2,-0.5,14,87,True,50,0.01
170,0.2,-0.5,15,50,True,50,0.01
170,0.2,-0.5,16,53,True,50,0.01
170,0.2,-0.5,17,83,True,50,0.01
170,0.2,-0.5,18,59,True,50,0.01
170,0.2,-0.5,19,54,True,50,0.01
170,0.2,-0.5,2,87,True,50,0.01
170,0.2,-0.5,20,66,True,50,0.01
170,0.2,-0.5,21,50,True,50,0.01
170,0.2,-0.5,22,57,True,50,0.01
170,0.2,-0.5,23,84,True,50,0.01
170,0.2,-0.5,24,94,True,50,0.01
170,0.2,-0.5,25,97,True,50,0.01
170,0.2,-0.5,26,69,True,50,0.01
170,0.2,-0.5,27,70,True,50,0.01
170,0.2,-0.5,28,60,True,50,0.01
170,0.2,-0.5,29,99,True,50,0.01
170,0.2,-0.5,3,50,True,50,0.01
170,0.2,-0.5,4,55,True,50,0.01
170,0.2,-0.5,5,68,True,50,0.01
170,0.2,-0.5,6,50,True,50,0.01
170,0.2,-0.5,7,65,True,50,0.01
170,0.2,-0.5,8,75,True,50,0.01
170,0.2,-0.5,9,50,True,50,0.01
180,0.2,-0.5,0,53,True,50,0.01
180,0.2,-0.5,1,55,True,50,0.01
180,0.2,-0.5,10,74,True,50,0.01
180,0.2,-0.5,11,103,True,50,0.01
180,0.2,-0.5,12,54,True,50,0.01
180,0.2,-0.5,13,81,True,50,0.01
180,0.2,-0.5,14,78,True,50,0.01
180,0.2,-0.5,15,88,True,50,0.01
180,0.2,-0.5,16,58,True,50,0.01
180,0.2,-0.5,17,59,True,50,0.01
180,0.2,-0.5,18,100,True,50,0.01
180,0.2,-0.5,19,75,True,50,0.01
180,0.2,-0.5,2,64,True,50,0.01
180,0.2,-0.5,20,83,True,50,0.01
180,0.2,-0.5,21,105,True,50,0.01
180,0.2,-0.5,22,97,True,50,0.01
180,0.2,-0.5,23,90,True,50,0.01
180,0.2,-0.5,24,74,True,50,0.01
180,0.2,-0.5,25,81,True,50,0.01
180,0.2,-0.5,26,64,True,50,0.01
180,0.2,-0.5,27,69,True,50,0.01
180,0.2,-0.5,28,70,True,50,0.01
180,0.2,-0.5,29,100,True,50,0.01
180,0.2,-0.5,3,50,True,50,0.01
180,0.2,-0.5,4,82,True,50,0.01
180,0.2,-0.5,5,82,True,50,0.01
180,0.2,-0.5,6,61,True,50,0.01
180,0.2,-0.5,7,111,True,50,0.01
180,0.2,-0.5,8,97,True,50,0.01
180,0.2,-0.5,9,55,True,50,0.01
190,0.2,-0.5,0,58,True,50,0.01
190,0.2,-0.5,1,103,True,50,0.01
190,0.2,-0.5,10,89,True,50,0.01
190,0.2,-0.5,11,77,True,50,0.01
190,0.2,-0.5,12,51,True,50,0.01
190,0.2,-0.5,13,67,True,50,0.01
190,0.2,-0.5,14,66,True,50,0.01
190,0.2,-0.5,15,50,True,50,0.01
190,0.2,-0.5,16,77,True,50,0.01
190,0.2,-0.5,17,53,True,50,0.01
190,0.2,-0.5,18,56,True,50,0.01
190,0.2,-0.5,19,58,True,50,0.01
190,0.2,-0.5,2,84,True,50,0.01
190,0.2,-0.5,20,70,True,50,0.01
190,0.2,-0.5,21,63,True,50,0.01
190,0.2,-0.5,22,52,True,50,0.01
190,0.2,-0.5,23,95,True,50,0.01
190,0.2,-0.5,24,69,True,50,0.01
190,0.2,-0.5,25,81,True,50,0.01
190,0.2,-0.5,26,54,True,50,0.01
190,0.2,-0.5,27,81,True,50,0.01
190,0.2,-0.5,28,87,True,50,0.01
190,0.2,-0.5,29,58,True,50,0.01
190,0.2,-0.5,3,77,True,50,0.01
190,0.2,-0.5,4,92,True,50,0.01
190,0.2,-0.5,5,67,True,50,0.01
190,0.2,-0.5,6,117,True,50,0.01
190,0.2,-0.5,7,77,True,50,0.01
190,0.2,-0.5,8,56,True,50,0.01
190,0.2,-0.5,9,64,True,50,0.01
200,0.2,-0.5,0,52,True,50,0.01
200,0.2,-0.5,1,60,True,50,0.01
200,0.2,-0.5,10,82,True,50,0.01
200,0.2,-0.5,11,71,True,50,0.01
200,0.2,-0.5,12,72,True,50,0.01
200,0.2,-0.5,13,65,True,50,0.01
200,0.2,-0.5,14,82,True,50,0.01
200,0.2,-0.5,15,58,True,50,0.01
200,0.2,-0.5,16,73,True,50,0.01
200,0.2,-0.5,17,53,True,50,0.01
200,0.2,-0.5,18,53,True,50,0.01
200,0.2,-0.5,19,59,True,50,0.01
200,0.2,-0.5,2,61,True,50,0.01
200,0.2,-0.5,20,69,True,50,0.01
200,0.2,-0.5,21,65,True,50,0.01
200,0.2,-0.5,22,60,True,50,0.01
200,0.2,-0.5,23,50,True,50,0.01
200,0.2,-0.5,24,65,True,50,0.01
200,0.2,-0.5,25,78,True,50,0.01
200,0.2,-0.5,26,59,True,50,0.01
200,0.2,-0.5,27,82,True,50,0.01
200,0.2,-0.5,28,56,True,50,0.01
200,0.2,-0.5,29,50,True,50,0.01
200,0.2,-0.5,3,68,True,50,0.01
200,0.2,-0.5,4,79,True,50,0.01
200,0.2,-0.5,5,80,True,50,0.01
200,0.2,-0.5,6,92,True,50,0.01
200,0.2,-0.5,7,73,True,50,0.01
200,0.2,-0.5,8,54,True,50,0.01
200,0.2,-0.5,9,90,True,50,0.01
210,0.2,-0.5,0,51,True,50,0.01
210,0.2,-0.5,1,60,True,50,0.01
210,0.2,-0.5,10,78,True,50,0.01
210,0.2,-0.5,11,52,True,50,0.01
210,0.2,-0.5,12,66,True,50,0.01
210,0.2,-0.5,13,68,True,50,0.01
210,0.2,-0.5,14,92,True,50,0.01
210,0.2,-0.5,15,50,True,50,0.01
210,0.2,-0.5,16,80,True,50,0.01
210,0.2,-0.5,17,79,True,50,0.01
210,0.2,-0.5,18,57,True,50,0.01
210,0.2,-0.5,19,59,True,50,0.01
210,0.2,-0.5,2,60,True,50,0.01
210,0.2,-0.5,20,65,True,50,0.01
210,0.2,-0.5,21,79,True,50,0.01
210,0.2,-0.5,22,50,True,50,0.01
210,0.2,-0.5,23,77,True,50,0.01
210,0.2,-0.5,24,74,True,50,0.01
210,0.2,-0.5,25,72,True,50,0.01
210,0.2,-0.5,26,76,True,50,0.01
210,0.2,-0.5,27,71,True,50,0.01
210,0.2,-0.5,28,50,True,50,0.01
210,0.2,-0.5,29,50,True,50,0.01
210,0.2,-0.5,3,50,True,50,0.01
210,0.2,-0.5,4,61,True,50,0.01
210,0.2,-0.5,5,50,True,50,0.01
210,0.2,-0.5,6,89,True,50,0.01
210,0.2,-0.5,7,50,True,50,0.01
210,0.2,-0.5,8,56,True,50,0.01
210,0.2,-0.5,9,55,True,50,0.01
220,0.2,-0.5,0,54,True,50,0.01
220,0.2,-0.5,1,77,True,50,0.01
220,0.2,-0.5,10,62,True,50,0.01
220,0.2,-0.5,11,84,True,50,0.01
220,0.2,-0.5,12,78,True,50,0.01
220,0.2,-0.5,13,100,True,50,0.01
220,0.2,-0.5,14,65,True,50,0.01
220,0.2,-0.5,15,73,True,50,0.01
220,0.2,-0.5,16,55,True,50,0.01
220,0.2,-0.5,17,57,True,50,0.01
220,0.2,-0.5,18,80,True,50,0.01
220,0.2,-0.5,19,81,True,50,0.01
220,0.2,-0.5,2,57,True,50,0.01
220,0.2,-0.5,20,77,True,50,0.01
220,0.2,-0.5,21,71,True,50,0.01
220,0.2,-0.5,22,67,True,50,0.01
220,0.2,-0.5,23,82,True,50,0.01
220,0.2,-0.5,24,72,True,50,0.01
220,0.2,-0.5,25,56,True,50,0.01
220,0.2,-0.5,26,67,True,50,0.01
220,0.2,-0.5,27,74,True,50,0.01
220,0.2,-0.5,28,56,True,50,0.01
220,0.2,-0.5,29,56,True,50,0.01
220,0.2,-0.5,3,65,True,50,0.01
220,0.2,-0.5,4,76,True,50,0.01
220,0.2,-0.5,5,50,True,50,0.01
220,0.2,-0.5,6,82,True,50,0.01
220,0.2,-0.5,7,50,True,50,0.01
220,0.2,-0.5,8,57,True,50,0.01
220,0.2,-0.5,9,83,True,50,0.01
230,0.2,-0.5,0,50,True,50,0.01
230,0.2,-0.5,1,63,True,50,0.01
230,0.2,-0.5,10,50,True,50,0.01
230,0.2,-0.5,11,80,True,50,0.01
230,0.2,-0.5,12,73,True,50,0.01
230,0.2,-0.5,13,99,True,50,0.01
230,0.2,-0.5,14,76,True,50,0.01
230,0.2,-0.5,15,85,True,50,0.01
230,0.2,-0.5,16,50,True,50,0.01
230,0.2,-0.5,17,61,True,50,0.01
230,0.2,-0.5,18,50,True,50,0.01
230,0.2,-0.5,19,57,True,50,0.01
230,0.2,-0.5,2,65,True,50,0.01
230,0.2,-0.5,20,67,True,50,0.01
230,0.2,-0.5,21,50,True,50,0.01
230,0.2,-0.5,22,66,True,50,0.01
230,0.2,-0.5,23,86,True,50,0.01
230,0.2,-0.5,24,55,True,50,0.01
230,0.2,-0.5,25,51,True,50,0.01
230,0.2,-0.5,26,58,True,50,0.01
230,0.2,-0.5,27,61,True,50,0.01
230,0.2,-0.5,28,53,True,50,0.01
230,0.2,-0.5,29,50,True,50,0.01
230,0.2,-0.5,3,51,True,50,0.01
230,0.2,-0.5,4,89,True,50,0.01
230,0.2,-0.5,5,67,True,50,0.01
230,0.2,-0.5,6,78,True,50,0.01
230,0.2,-0.5,7,54,True,50,0.01
230,0.2,-0.5,8,50,True,50,0.01
230,0.2,-0.5,9,59,True,50,0.01
240,0.2,-0.5,0,50,True,50,0.01
240,0.2,-0.5,1,57,True,50,0.01
240,0.2,-0.5,10,51,True,50,0.01
240,0.2,-0.5,11,70,True,50,0.01
240,0.2,-0.5,12,69,True,50,0.01
240,0.2,-0.5,13,68,True,50,0.01
240,0.2,-0.5,14,66,True,50,0.01
240,0.2,-0.5,15,50,True,50,0.01
240,0.2,-0.5,16,72,True,50,0.01
240,0.2,-0.5,17,55,True,50,0.01
240,0.2,-0.5,18,74,True,50,0.01
240,0.2,-0.5,19,82,True,50,0.01
240,0.2,-0.5,2,99,True,50,0.01
240,0.2,-0.5,20,64,True,50,0.01
240,0.2,-0.5,21,94,True,50,0.01
240,0.2,-0.5,22,89,True,50,0.01
240,0.2,-0.5,23,94,True,50,0.01
240,0.2,-0.5,24,81,True,50,0.01
240,0.2,-0.5,25,64,True,50,0.01
240,0.2,-0.5,26,54,True,50,0.01
240,0.2,-0.5,27,59,True,50,0.01
240,0.2,-0.5,28,50,True,50,0.01
240,0.2,-0.5,29,50,True,50,0.01
240,0.2,-0.5,3,95,True,50,0.01
240,0.2,-0.5,4,67,True,50,0.01
240,0.2,-0.5,5,50,True,50,0.01
240,0.2,-0.5,6,50,True,50,0.01
240,0.2,-0.5,7,52,True,50,0.01
240,0.2,-0.5,8,94,True,50,0.01
240,0.2,-0.5,9,66,True,50,0.01
250,0.2,-0.5,0,65,True,50,0.01
250,0.2,-0.5,1,61,True,50,0.01
250,0.2,-0.5,10,72,True,50,0.01
250,0.2,-0.5,11,60,True,50,0.01
250,0.2,-0.5,12,50,True,50,0.01
250,0.2,-0.5,13,94,True,50,0.01
250,0.2,-0.5,14,65,True,50,0.01
250,0.2,-0.5,15,66,True,50,0.01
250,0.2,-0.5,16,67,True,50,0.01
250,0.2,-0.5,17,89,True,50,0.01
250,0.2,-0.5,18,99,True,50,0.01
250,0.2,-0.5,19,55,True,50,0.01
250,0.2,-0.5,2,62,True,50,0.01
250,0.2,-0.5,21,50,True,50,0.01
250,0.2,-0.5,22,53,True,50,0.01
250,0.2,-0.5,23,81,True,50,0.01
250,0.2,-0.5,24,67,True,50,0.01
250,0.2,-0.5,25,90,True,50,0.01
250,0.2,-0.5,26,76,True,50,0.01
250,0.2,-0.5,27,82,True,50,0.01
250,0.2,-0.5,28,66,True,50,0.01
250,0.2,-0.5,29,88,True,50,0.01
250,0.2,-0.5,3,51,True,50,0.01
250,0.2,-0.5,4,77,True,50,0.01
250,0.2,-0.5,5,62,True,50,0.01
250,0.2,-0.5,6,66,True,50,0.01
250,0.2,-0.5,7,95,True,50,0.01
250,0.2,-0.5,8,90,True,50,0.01
250,0.2,-0.5,9,50,True,50,0.01
260,0.2,-0.5,0,66,True,50,0.01
260,0.2,-0.5,1,77,True,50,0.01
260,0.2,-0.5,10,89,True,50,0.01
260,0.2,-0.5,11,58,True,50,0.01
260,0.2,-0.5,12,50,True,50,0.01
260,0.2,-0.5,13,70,True,50,0.01
260,0.2,-0.5,14,89,True,50,0.01
260,0.2,-0.5,15,88,True,50,0.01
260,0.2,-0.5,16,63,True,50,0.01
260,0.2,-0.5,17,95,True,50,0.01
260,0.2,-0.5,18,60,True,50,0.01
260,0.2,-0.5,19,82,True,50,0.01
260,0.2,-0.5,2,63,True,50,0.01
260,0.2,-0.5,20,60,True,50,0.01
260,0.2,-0.5,21,69,True,50,0.01
260,0.2,-0.5,22,54,True,50,0.01
260,0.2,-0.5,23,66,True,50,0.01
260,0.2,-0.5,24,54,True,50,0.01
260,0.2,-0.5,25,69,True,50,0.01
260,0.2,-0.5,26,53,True,50,0.01
260,0.2,-0.5,27,76,True,50,0.01
260,0.2,-0.5,28,62,True,50,0.01
260,0.2,-0.5,29,63,True,50,0.01
260,0.2,-0.5,3,53,True,50,0.01
260,0.2,-0.5,4,50,True,50,0.01
260,0.2,-0.5,5,60,True,50,0.01
260,0.2,-0.5,6,52,True,50,0.01
260,0.2,-0.5,7,64,True,50,0.01
260,0.2,-0.5,8,54,True,50,0.01
260,0.2,-0.5,9,50,True,50,0.01
270,0.2,-0.5,0,50,True,50,0.01
270,0.2,-0.5,1,59,True,50,0.01
270,0.2,-0.5,10,68,True,50,0.01
270,0.2,-0.5,11,72,True,50,0.01
270,0.2,-0.5,12,69,True,50,0.01
270,0.2,-0.5,13,67,True,50,0.01
270,0.2,-0.5,14,63,True,50,0.01
270,0.2,-0.5,15,51,True,50,0.01
270,0.2,-0.5,16,51,True,50,0.01
270,0.2,-0.5,17,57,True,50,0.01
270,0.2,-0.5,18,53,True,50,0.01
270,0.2,-0.5,19,50,True,50,0.01
270,0.2,-0.5,20,62,True,50,0.01
270,0.2,-0.5,21,52,True,50,0.01
270,0.2,-0.5,22,95,True,50,0.01
270,0.2,-0.5,7,66,True,50,0.01
270,0.2,-0.5,8,54,True,50,0.01
270,0.2,-0.5,9,65,True,50,0.01
280,0.2,-0.5,0,50,True,50,0.01
280,0.2,-0.5,1,54,True,50,0.01
280,0.2,-0.5,10,60,True,50,0.01
280,0.2,-0.5,11,88,True,50,0.01
280,0.2,-0.5,12,57,True,50,0.01
280,0.2,-0.5,2,52,True,50,0.01
280,0.2,-0.5,23,50,True,50,0.01
280,0.2,-0.5,24,52,True,50,0.01
280,0.2,-0.5,25,55,True,50,0.01
280,0.2,-0.5,26,53,True,50,0.01
280,0.2,-0.5,27,64,True,50,0.01
280,0.2,-0.5,28,50,True,50,0.01
280,0.2,-0.5,29,50,True,50,0.01
280,0.2,-0.5,3,65,True,50,0.01
280,0.2,-0.5,4,50,True,50,0.01
280,0.2,-0.5,5,98,True,50,0.01
280,0.2,-0.5,6,63,True,50,0.01
280,0.2,-0.5,7,50,True,50,0.01
280,0.2,-0.5,8,69,True,50,0.01
280,0.2,-0.5,9,81,True,50,0.01
290,0.2,-0.5,0,52,True,50,0.01
290,0.2,-0.5,1,54,True,50,0.01
290,0.2,-0.5,16,97,True,50,0.01
290,0.2,-0.5,17,57,True,50,0.01
290,0.2,-0.5,18,76,True,50,0.01
290,0.2,-0.5,19,78,True,50,0.01
290,0.2,-0.5,2,87,True,50,0.01
290,0.2,-0.5,20,60,True,50,0.01
290,0.2,-0.5,21,50,True,50,0.01
290,0.2,-0.5,22,50,True,50,0.01
290,0.2,-0.5,23,75,True,50,0.01
290,0.2,-0.5,24,55,True,50,0.01
290,0.2,-0.5,25,79,True,50,0.01
290,0.2,-0.5,26,50,True,50,0.01
290,0.2,-0.5,27,65,True,50,0.01
290,0.2,-0.5,3,50,True,50,0.01
290,0.2,-0.5,4,66,True,50,0.01
290,0.2,-0.5,5,50,True,50,0.01
290,0.2,-0.5,6,50,True,50,0.01
300,0.2,-0.5,10,77,True,50,0.01
300,0.2,-0.5,11,90,True,50,0.01
300,0.2,-0.5,12,80,True,50,0.01
300,0.2,-0.5,13,78,True,50,0.01
300,0.2,-0.5,14,63,True,50,0.01
300,0.2,-0.5,15,66,True,50,0.01
300,0.2,-0.5,16,80,True,50,0.01
300,0.2,-0.5,17,66,True,50,0.01
300,0.2,-0.5,18,54,True,50,0.01
300,0.2,-0.5,9,90,True,50,0.01
310,0.2,-0.5,2,50,True,50,0.01
310,0.2,-0.5,25,66,True,50,0.01
310,0.2,-0.5,26,89,True,50,0.01
310,0.2,-0.5,27,85,True,50,0.01
310,0.2,-0.5,28,65,True,50,0.01
310,0.2,-0.5,29,50,True,50,0.01
310,0.2,-0.5,3,53,True,50,0.01
310,0.2,-0.5,4,77,True,50,0.01
310,0.2,-0.5,5,50,True,50,0.01
310,0.2,-0.5,6,65,True,50,0.01
310,0.2,-0.5,7,71,True,50,0.01
310,0.2,-0.5,8,56,True,50,0.01
320,0.2,-0.5,0,50,True,50,0.01
320,0.2,-0.5,18,71,True,50,0.01
320,0.2,-0.5,19,53,True,50,0.01
320,0.2,-0.5,20,68,True,50,0.01
320,0.2,-0.5,21,50,True,50,0.01
320,0.2,-0.5,22,68,True,50,0.01
330,0.2,-0.5,11,72,True,50,0.01
330,0.2,-0.5,12,50,True,50,0.01
50,0.2,-0.5,0,96,True,50,0.01
50,0.2,-0.5,1,64,True,50,0.01
50,0.2,-0.5,10,66,True,50,0.01
50,0.2,-0.5,11,108,True,50,0.01
50,0.2,-0.5,12,69,True,50,0.01
50,0.2,-0.5,13,60,True,50,0.01
50,0.2,-0.5,14,54,True,50,0.01
50,0.2,-0.5,15,91,True,50,0.01
50,0.2,-0.5,16,61,True,50,0.01
50,0.2,-0.5,17,150,True,50,0.01
50,0.2,-0.5,18,118,True,50,0.01
50,0.2,-0.5,19,50,True,50,0.01
50,0.2,-0.5,2,75,True,50,0.01
50,0.2,-0.5,20,93,True,50,0.01
50,0.2,-0.5,21,57,True,50,0.01
50,0.2,-0.5,22,127,True,50,0.01
50,0.2,-0.5,23,63,True,50,0.01
50,0.2,-0.5,24,122,True,50,0.01
50,0.2,-0.5,25,160,True,50,0.01
50,0.2,-0.5,26,132,True,50,0.01
50,0.2,-0.5,27,134,True,50,0.01
50,0.2,-0.5,28,78,True,50,0.01
50,0.2,-0.5,29,108,True,50,0.01
50,0.2,-0.5,3,123,True,50,0.01
50,0.2,-0.5,4,73,True,50,0.01
50,0.2,-0.5,5,87,True,50,0.01
50,0.2,-0.5,6,86,True,50,0.01
50,0.2,-0.5,7,97,True,50,0.01
50,0.2,-0.5,8,110,True,50,0.01
50,0.2,-0.5,9,112,True,50,0.01
60,0.2,-0.5,0,123,True,50,0.01
60,0.2,-0.5,1,92,True,50,0.01
60,0.2,-0.5,10,84,True,50,0.01
60,0.2,-0.5,11,97,True,50,0.01
60,0.2,-0.5,12,99,True,50,0.01
60,0.2,-0.5,13,143,True,50,0.01
60,0.2,-0.5,14,82,True,50,0.01
60,0.2,-0.5,15,112,True,50,0.01
60,0.2,-0.5,16,125,True,50,0.01
60,0.2,-0.5,17,116,True,50,0.01
60,0.2,-0.5,18,147,True,50,0.01
60,0.2,-0.5,19,175,True,50,0.01
60,0.2,-0.5,2,80,True,50,0.01
60,0.2,-0.5,20,98,True,50,0.01
60,0.2,-0.5,21,103,True,50,0.01
60,0.2,-0.5,22,138,True,50,0.01
60,0.2,-0.5,23,113,True,50,0.01
60,0.2,-0.5,24,114,True,50,0.01
60,0.2,-0.5,25,88,True,50,0.01
60,0.2,-0.5,26,50,True,50,0.01
60,0.2,-0.5,27,114,True,50,0.01
60,0.2,-0.5,28,86,True,50,0.01
60,0.2,-0.5,29,131,True,50,0.01
60,0.2,-0.5,3,72,True,50,0.01
60,0.2,-0.5,4,152,True,50,0.01
60,0.2,-0.5,5,114,True,50,0.01
60,0.2,-0.5,6,109,True,50,0.01
60,0.2,-0.5,7,73,True,50,0.01
60,0.2,-0.5,8,123,True,50,0.01
60,0.2,-0.5,9,136,True,50,0.01
70,0.2,-0.5,0,93,True,50,0.01
70,0.2,-0.5,1,75,True,50,0.01
70,0.2,-0.5,10,98,True,50,0.01
70,0.2,-0.5,11,61,True,50,0.01
70,0.2,-0.5,12,90,True,50,0.01
70,0.2,-0.5,13,106,True,50,0.01
70,0.2,-0.5,14,125,True,50,0.01
70,0.2,-0.5,15,66,True,50,0.01
70,0.2,-0.5,16,88,True,50,0.01
70,0.2,-0.5,17,64,True,50,0.01
70,0.2,-0.5,18,82,True,50,0.01
70,0.2,-0.5,19,115,True,50,0.01
70,0.2,-0.5,2,137,True,50,0.01
70,0.2,-0.5,20,97,True,50,0.01
70,0.2,-0.5,21,111,True,50,0.01
70,0.2,-0.5,22,62,True,50,0.01
70,0.2,-0.5,23,123,True,50,0.01
70,0.2,-0.5,24,58,True,50,0.01
70,0.2,-0.5,25,76,True,50,0.01
70,0.2,-0.5,26,110,True,50,0.01
70,0.2,-0.5,27,66,True,50,0.01
70,0.2,-0.5,28,96,True,50,0.01
70,0.2,-0.5,29,87,True,50,0.01
70,0.2,-0.5,3,67,True,50,0.01
70,0.2,-0.5,4,81,True,50,0.01
70,0.2,-0.5,5,104,True,50,0.01
70,0.2,-0.5,6,71,True,50,0.01
70,0.2,-0.5,7,127,True,50,0.01
70,0.2,-0.5,8,86,True,50,0.01
70,0.2,-0.5,9,102,True,50,0.01
80,0.2,-0.5,0,76,True,50,0.01
80,0.2,-0.5,1,52,True,50,0.01
80,0.2,-0.5,10,86,True,50,0.01
80,0.2,-0.5,11,57,True,50,0.01
80,0.2,-0.5,12,50,True,50,0.01
80,0.2,-0.5,13,73,True,50,0.01
80,0.2,-0.5,14,63,True,50,0.01
80,0.2,-0.5,15,60,True,50,0.01
80,0.2,-0.5,16,112,True,50,0.01
80,0.2,-0.5,17,61,True,50,0.01
80,0.2,-0.5,18,97,True,50,0.01
80,0.2,-0.5,19,77,True,50,0.01
80,0.2,-0.5,2,89,True,50,0.01
80,0.2,-0.5,20,74,True,50,0.01
80,0.2,-0.5,21,76,True,50,0.01
80,0.2,-0.5,22,57,True,50,0.01
80,0.2,-0.5,23,100,True,50,0.01
80,0.2,-0.5,24,119,True,50,0.01
80,0.2,-0.5,25,104,True,50,0.01
80,0.2,-0.5,26,63,True,50,0.01
80,0.2,-0.5,27,72,True,50,0.01
80,0.2,-0.5,28,69,True,50,0.01
80,0.2,-0.5,29,103,True,50,0.01
80,0.2,-0.5,3,106,True,50,0.01
80,0.2,-0.5,4,64,True,50,0.01
80,0.2,-0.5,5,54,True,50,0.01
80,0.2,-0.5,6,111,True,50,0.01
80,0.2,-0.5,7,112,True,50,0.01
80,0.2,-0.5,8,73,True,50,0.01
80,0.2,-0.5,9,71,True,50,0.01
90,0.2,-0.5,0,79,True,50,0.01
90,0.2,-0.5,1,87,True,50,0.01
90,0.2,-0.5,10,68,True,50,0.01
90,0.2,-0.5,11,113,True,50,0.01
90,0.2,-0.5,12,50,True,50,0.01
90,0.2,-0.5,13,62,True,50,0.01
90,0.2,-0.5,14,59,True,50,0.01
90,0.2,-0.5,15,62,True,50,0.01
90,0.2,-0.5,16,62,True,50,0.01
90,0.2,-0.5,17,106,True,50,0.01
90,0.2,-0.5,18,84,True,50,0.01
90,0.2,-0.5,19,99,True,50,0.01
90,0.2,-0.5,2,74,True,50,0.01
90,0.2,-0.5,20,99,True,50,0.01
90,0.2,-0.5,21,100,True,50,0.01
90,0.2,-0.5,22,59,True,50,0.01
90,0.2,-0.5,23,85,True,50,0.01
90,0.2,-0.5,24,91,True,50,0.01
90,0.2,-0.5,25,74,True,50,0.01
90,0.2,-0.5,26,86,True,50,0.01
90,0.2,-0.5,27,73,True,50,0.01
90,0.2,-0.5,28,62,True,50,0.01
90,0.2,-0.5,29,64,True,50,0.01
90,0.2,-0.5,3,67,True,50,0.01
90,0.2,-0.5,4,104,True,50,0.01
90,0.2,-0.5,5,69,True,50,0.01
90,0.2,-0.5,6,93,True,50,0.01
90,0.2,-0.5,7,70,True,50,0.01
90,0.2,-0.5,8,87,True,50,0.01
90,0.2,-0.5,9,124,True,50,0.01
